Job Title,Company,Location,Job URL
Python Developer: Real-Time Intelligent Communication Systems,Entratus,"Remote in Orlando, FL",https://www.indeed.com/rc/clk?jk=d34bdad413d4dabc&bb=Ru22xP5FFaY5x69UDJBwLqMmxIbGj_B29QWKMwzIJNLkJNmnh15rjyQb5Ato2fEH1yZvJBlhuwHnI5QM11ZdcximHSSulbOH7pR2jlk-WVusenCbAFKBorwjiZf8QdoYH-Xk1e7Hoc7aBBo1T1stcw%3D%3D&xkcb=SoBU67M3qawPRcynBJ0LbzkdCdPP&fccid=dd616958bd9ddc12&vjs=3
AgentForce Solutions Architect,List Engage,"Remote in Framingham, MA 01701",https://www.indeed.com/rc/clk?jk=62fd82b5e7d80fc2&bb=Ru22xP5FFaY5x69UDJBwLivBI-YrEWL9bEKLT1QWngCoP-pX8VpXdvus0f6takakWMcqOznbzhwndf2arbhe1PbQ8gc6GRxY7Rr9gXxWiNf5fmTnvUpCJIqQryYnEtfLNbXby2IdNQtsrjRnmwFgJg%3D%3D&xkcb=SoDg67M3qawPRcynBJ0KbzkdCdPP&fccid=abc54bb5cdff9d0b&vjs=3
Senior Software Developer,Advantage Group International,Remote,https://www.indeed.com/rc/clk?jk=0cd95e8bc9b6a696&bb=Ru22xP5FFaY5x69UDJBwLivBI-YrEWL9f65I9cZ60p2fVcEY3sNnDtpuFF9u_kGsTkUfMSQCqkHkr7JGVI9dmHsXdCqagADab7CR65N-Nl_EaraH6oTqxS5dKLtqMLKoFNaHF4x0SwhVUTJ9A2nyzw%3D%3D&xkcb=SoB967M3qawPRcynBJ0JbzkdCdPP&fccid=32ace2a232a48768&vjs=3
Software Developer,Advantage Group International,Remote,https://www.indeed.com/rc/clk?jk=4d909d455abde919&bb=Ru22xP5FFaY5x69UDJBwLhLEm29M2DM3nLMirdKK5-3PnevCKl2QD7OI1RRVnMc8S1PwBrBXJKhfZAFB9AaYBagbt-vgr_OFyybvKNVXGVmZG02JmJ01IVbodTyJ3gNzsAux6uq3fzqPsXg-DCJNpA%3D%3D&xkcb=SoDJ67M3qawPRcynBJ0IbzkdCdPP&fccid=32ace2a232a48768&vjs=3
Sr. Developer (USCB),CPMC LLC,Remote,https://www.indeed.com/rc/clk?jk=5301ea5c8777622c&bb=Ru22xP5FFaY5x69UDJBwLk0tP1bgKhrrXaXfuKBbhl3SUCMxRtZ0ueqLwaKSI15bOSGFtLJwh1kcbr8hef1W1_YoqccSloyxW68TRz7HQ5ynLD8tx37rItuVAB0tVPZt-R5Fv_sK-XJM4koNrnzE9Q%3D%3D&xkcb=SoBH67M3qawPRcynBJ0PbzkdCdPP&fccid=b45ac67f2cae0e4a&vjs=3
Snowflake Data Engineering Lead,Atrium AI,Remote,https://www.indeed.com/rc/clk?jk=7e8942e6b7a0088a&bb=Ru22xP5FFaY5x69UDJBwLk0tP1bgKhrrpiP-6hYDdbg464WrJF0fH-JTVDHp7l7XC77ixPW0QWqza6qB0WNOITpamjKCE4BM9DVcWxo06LFDvbqcJ4ZeCoOxWlGcjXLSrblw32SmAG4Y72O2668oVw%3D%3D&xkcb=SoDz67M3qawPRcynBJ0ObzkdCdPP&fccid=74ae95efeb5c61a4&vjs=3
,,,https://www.indeed.com/viewjob?jk=cdef0123456789ab
AI Platform Engineer,Application House Limited,Remote,https://www.indeed.com/rc/clk?jk=8e212825245e79f5&bb=Ru22xP5FFaY5x69UDJBwLtuWyC2mlY_9qTUCaTD0yq3yOnEEU5aZ65pUWp-su3frZDEG7m2sCdCGhgXTEWVK8IlxrR9-mR5u5O2Lo2Pq3_t8c_SfcLpGegJiAJffL_vSNu-tit4fCi8GPO_QgXqMVQ%3D%3D&xkcb=SoBu67M3qawPRcynBJ0NbzkdCdPP&fccid=d08ec6a6d9213a16&cmp=Application-House-Limited&ti=Platform+Engineer&vjs=3
"Software Developer-Pontiac, MI-Hybrid",INFO ORIGIN INC,"Remote in Pontiac, MI",https://www.indeed.com/rc/clk?jk=0fac891239f92281&bb=Ru22xP5FFaY5x69UDJBwLtQ_xa4qwrZTQ4-qgQVLNeAzJfhJ4qex2vIlWGir0QX84vAsYdSjTNg2M79emut_rozz6WMhHP7e0FSf-Ijc0IQ_-zPTEkm1-HVCZfL9-s-G8akXdN9UUoPXqKyNrrGQug%3D%3D&xkcb=SoDa67M3qawPRcynBJ0MbzkdCdPP&fccid=75e3336b78771185&vjs=3
Senior Data Engineer (Azure),A&S Solutions,Remote,https://www.indeed.com/rc/clk?jk=926d3e2376069dcf&bb=Ru22xP5FFaY5x69UDJBwLsDTA79s8hoSHSoJbSS3SV7K_3D_jpbfTPloo71QQGB4ZD9z-ogjdQzBJGOfvzJs9s_L2gKMq_I_sF5PX8D_rof00Efs6vZpxe8Y3sR9Wxz8l1c106zwxw_aI3ulYy47zg%3D%3D&xkcb=SoAz67M3qawPRcynBJ0DbzkdCdPP&fccid=d354a1a85b1752f3&cmp=A%2526S-SOLUTIONS&ti=Data+Engineer&vjs=3
Software Developer,CredX,Remote,https://www.indeed.com/rc/clk?jk=90737fdb46debe4c&bb=Ru22xP5FFaY5x69UDJBwLuTBEVIjuEXv6mwyEsmJ_bnjimqwjBG92a2fLp-zo_vBWyDYj8Lp7XaopI1NU0r3eeR4aiYXnwabwxd-qfW32SyOEZMSSgRwrWwuWT3pGZtPO22J-EMHYAhWyYwego_tnQ%3D%3D&xkcb=SoCH67M3qawPRcynBJ0CbzkdCdPP&fccid=29f250f974114eea&cmp=Visibol&ti=Software+Engineer&vjs=3
Java Developer,Visibol,Remote,https://www.indeed.com/rc/clk?jk=4ed3205635936d04&bb=Ru22xP5FFaY5x69UDJBwLh4obdFhvTYYBoQnSc-zhw0c2LcwvPhwE_3vK3sswb0X1_lTOOP8QudoEmqjoVAaLzPHThqIqLtgqaOEzjvdLvln0E0eOzse7jJEj8NWgyscqEcpncgHmPYIG2ECzKuSAg%3D%3D&xkcb=SoAa67M3qawPRcynBJ0BbzkdCdPP&fccid=29f250f974114eea&cmp=Visibol&ti=Java+Developer&vjs=3
Market Risk Senior Developer,G MASS,Remote,https://www.indeed.com/rc/clk?jk=bf4696b738cd4cf9&bb=Ru22xP5FFaY5x69UDJBwLku71UnXDehKBJs8q1P4vq_j6RlJ-U5dbhel9i0gftFH68zqnhI2aIGaT3LeRTjGLVn4uHrnbcreFWACDkU4DrTlozYbqeG1CG0FalsaVrvgvWWYvfkA2J9nLF6rnDu5Dw%3D%3D&xkcb=SoCu67M3qawPRcynBJ0AbzkdCdPP&fccid=082fd17bf6c1511d&vjs=3
Flutter and Dart Developer,NEVRA,Remote,https://www.indeed.com/rc/clk?jk=d798ae1c3955b5ce&bb=Ru22xP5FFaY5x69UDJBwLlw0Zu0iBe-UBqdaLnZS35goCOUtORIRlaME63x985LXNqNOgGA4rv7I_gZwT1VGYFdpTDnAkTW0nemObjW7nYIZY-zOaXMTRBt2yezRboNBJQ0rabiW1FPAz845Ml16Mw%3D%3D&xkcb=SoAg67M3qawPRcynBJ0HbzkdCdPP&fccid=9b540f42ad831370&cmp=NEVRA&ti=Developer&vjs=3
Trade Surveillance - Data Engineer (SQL/ETL/Python â€“ Remote),SAIS IT Services,Remote,https://www.indeed.com/rc/clk?jk=01ba029148b4b286&bb=Ru22xP5FFaY5x69UDJBwLpMZ-Z9x8LBhx9OYcZzQr0KMTs-lrzNd16IKkv6uMP7GPhN3Xs-jJQVzPlteFbtXydgqXXAyj5MtMujaDp3fWrb3cibQeOS0eh4b_qio-nEpcqEnMwlBou7g0Gr2EjIlVg%3D%3D&xkcb=SoCU67M3qawPRcynBJ0GbzkdCdPP&fccid=88468c84f2e202c0&cmp=SAIS-IT-Services&ti=Data+Engineer&vjs=3
Senior Platform Engineer,Stratus,Remote,https://www.indeed.com/rc/clk?jk=1b8444e0de2f628f&bb=Ru22xP5FFaY5x69UDJBwLkfUfeRO0_qXy15bnuoqFah5LgnRIZJ7GRXtmaQjk8PGyNtSaMlPRhVAgT5QJgkKpYJkeGNJ8HV_GhmwE5J7-cUsA-urTxwYMP4sIUeJY1nl2XaBLZt1PcAVYIhaYTQP8w%3D%3D&xkcb=SoAJ67M3qawPRcynBJ0FbzkdCdPP&fccid=14fef3afca4f2d41&vjs=3
